symbol,market,url,title
AAPL,NASDAQ,https://www.tradingview.com/symbols/NASDAQ-AAPL/,Apple Stock Chart — NASDAQ:AAPL Stock Price — TradingView
AMGN,NASDAQ,https://www.tradingview.com/symbols/NASDAQ-AMGN/,AMGN Stock Price and Chart — NASDAQ:AMGN — TradingView
AXP,NYSE,https://www.tradingview.com/symbols/NYSE-AXP/,AXP Stock Price and Chart — NYSE:AXP — TradingView
BA,NYSE,https://www.tradingview.com/symbols/NYSE-BA/,Boeing Stock Price and Chart — NYSE:BA — TradingView
CAT,NYSE,https://www.tradingview.com/symbols/NYSE-CAT/,CAT Stock Price and Chart — NYSE:CAT — TradingView
CSCO,NASDAQ,https://www.tradingview.com/symbols/NASDAQ-CSCO/,CSCO Stock Price and Chart — NASDAQ:CSCO — TradingView
CVX,NYSE,https://www.tradingview.com/symbols/NYSE-CVX/,CVX Stock Price and Chart — NYSE:CVX — TradingView
DIS,NYSE,https://www.tradingview.com/symbols/NYSE-DIS/,Disney Stock Price and Chart — NYSE:DIS — TradingView
DOW,NYSE,https://www.tradingview.com/symbols/NYSE-DOW/,DOW Stock Price and Chart — NYSE:DOW — TradingView
GS,NYSE,https://www.tradingview.com/symbols/NYSE-GS/,GS Stock Price and Chart — NYSE:GS — TradingView
HD,NYSE,https://www.tradingview.com/symbols/NYSE-HD/,HD Stock Price and Chart — NYSE:HD — TradingView
HON,NASDAQ,https://www.tradingview.com/symbols/NASDAQ-HON/,HON Stock Price and Chart — NASDAQ:HON — TradingView
IBM,NYSE,https://www.tradingview.com/symbols/NYSE-IBM/,IBM Stock Price and Chart — NYSE:IBM — TradingView
INTC,NASDAQ,https://www.tradingview.com/symbols/NASDAQ-INTC/,"Intel (INTC) Stock Price, Chart, and Market Cap — TradingView"
JNJ,NYSE,https://www.tradingview.com/symbols/NYSE-JNJ/,JNJ Stock Price and Chart — NYSE:JNJ — TradingView
JPM,NYSE,https://www.tradingview.com/symbols/NYSE-JPM/,JPM Stock Price and Chart — NYSE:JPM — TradingView
KO,NYSE,https://www.tradingview.com/symbols/NYSE-KO/,Coca-Cola Stock Price — KO Chart — TradingView
MCD,NYSE,https://www.tradingview.com/symbols/NYSE-MCD/,McDonald's Stock Price and Chart — TradingView
MMM,NYSE,https://www.tradingview.com/symbols/NYSE-MMM/,MMM Stock Price and Chart — NYSE:MMM — TradingView
MRK,NYSE,https://www.tradingview.com/symbols/NYSE-MRK/,MRK Stock Price and Chart — NYSE:MRK — TradingView
MSFT,NASDAQ,https://www.tradingview.com/symbols/NASDAQ-MSFT/,MSFT Stock Chart and Price — Microsoft (NASDAQ) — TradingView
NKE,NYSE,https://www.tradingview.com/symbols/NYSE-NKE/,Nike Stock Price and Chart — TradingView
PG,NYSE,https://www.tradingview.com/symbols/NYSE-PG/,PG Stock Price and Chart — NYSE:PG — TradingView
TRV,NYSE,https://www.tradingview.com/symbols/NYSE-TRV/,TRV Stock Price and Chart — NYSE:TRV — TradingView
UNH,NYSE,https://www.tradingview.com/symbols/NYSE-UNH/,UNH Stock Price Today — NYSE:UNH Chart — TradingView
V,NYSE,https://www.tradingview.com/symbols/NYSE-V/,Visa Stock Price and Chart — NYSE:V — TradingView
VZ,NYSE,https://www.tradingview.com/symbols/NYSE-VZ/,VZ Stock Price and Chart — NYSE:VZ — TradingView
WMT,NASDAQ,https://www.tradingview.com/symbols/NASDAQ-WMT/,WMT Stock Price and Chart — NASDAQ:WMT — TradingView
CRM,NYSE,https://www.tradingview.com/symbols/NYSE-CRM/,"Salesforce Stock Price, Chart, and Market Cap — NYSE:CRM — TradingView"
